Price,Address,SqFt,Link,ImageURL
143000.0,"Don Bosco, Tirana",77,https://www.century21albania.com/en/property/4338783/hotel-per-shitje-ekskluzive-sun111197.html,https://crm-cdn.ams3.cdn.digitaloceanspaces.com/c21al/storage/c21al/2025/March/week4/450x337/1062064_WhatsApp_Image_2025-03-24_at_2.48.27_PM_2.jpg
300000.0,"Komuna e Parisit, Tirana",111,https://www.century21albania.com/en/property/4338783/hotel-per-shitje-ekskluzive-sun111197.html,https://crm-cdn.ams3.cdn.digitaloceanspaces.com/c21al/storage/c21al/2025/March/week4/450x337/1062112_hdghfgj.jpg
145000.0,"Ish Fusha e Aviacionit, Tirana",101,https://www.century21albania.com/en/property/4338783/hotel-per-shitje-ekskluzive-sun111197.html,https://crm-cdn.ams3.cdn.digitaloceanspaces.com/c21al/storage/c21al/2025/March/week4/450x337/1062110_e1581bf2-3003-424e-ba4b-b4e80869a778.jpg
180000.0,"Komuna e Parisit, Tirana",64,https://www.century21albania.com/en/property/4338783/hotel-per-shitje-ekskluzive-sun111197.html,https://crm-cdn.ams3.cdn.digitaloceanspaces.com/c21al/storage/c21al/2025/March/week4/450x337/1062059_hdghfgj.jpg
220000.0,"Xhamlliku, Tirana",118,https://www.century21albania.com/en/property/4338783/hotel-per-shitje-ekskluzive-sun111197.html,https://crm-cdn.ams3.cdn.digitaloceanspaces.com/c21al/storage/c21al/2025/March/week4/450x337/1061844_foto_1_2.jpg
75000.0,"Institut Kamëz, Tirana",90,https://www.century21albania.com/en/property/4338783/hotel-per-shitje-ekskluzive-sun111197.html,https://crm-cdn.ams3.cdn.digitaloceanspaces.com/c21al/storage/c21al/2025/March/week4/450x337/1061816_943174_WhatsApp_Image_2024-08-19_at_15.36.11_2.jpg
165000.0,"Ali Demi, Tirana",79,https://www.century21albania.com/en/property/4338783/hotel-per-shitje-ekskluzive-sun111197.html,https://crm-cdn.ams3.cdn.digitaloceanspaces.com/c21al/storage/c21al/2025/March/week4/450x337/1061698_WhatsApp_Image_2025-03-22_at_11.35.37_1.jpg
77805.0,"Paskuqan, Tirana",74,https://www.century21albania.com/en/property/4338783/hotel-per-shitje-ekskluzive-sun111197.html,https://crm-cdn.ams3.cdn.digitaloceanspaces.com/c21al/storage/c21al/2025/March/week3/450x337/1060993_belfiore2_.jpg
113610.0,"Paskuqan, Tirana",108,https://www.century21albania.com/en/property/4338783/hotel-per-shitje-ekskluzive-sun111197.html,https://crm-cdn.ams3.cdn.digitaloceanspaces.com/c21al/storage/c21al/2025/March/week3/450x337/1060989_belfiore2_.jpg
77280.0,"Paskuqan, Tirana",74,https://www.century21albania.com/en/property/4338783/hotel-per-shitje-ekskluzive-sun111197.html,https://crm-cdn.ams3.cdn.digitaloceanspaces.com/c21al/storage/c21al/2025/March/week3/450x337/1060986_belfiore2_.jpg
79170.0,"Paskuqan, Tirana",75,https://www.century21albania.com/en/property/4338783/hotel-per-shitje-ekskluzive-sun111197.html,https://crm-cdn.ams3.cdn.digitaloceanspaces.com/c21al/storage/c21al/2025/March/week3/450x337/1060864_belfiore2_.jpg
69720.0,"Paskuqan, Tirana",66,https://www.century21albania.com/en/property/4333053/shitet-apartament-1-1-ne-paskuqan-irg111067.html,https://crm-cdn.ams3.cdn.digitaloceanspaces.com/c21al/storage/c21al/2025/March/week3/450x337/1060982_belfiore2_.jpg
78855.0,"Paskuqan, Tirana",75,https://www.century21albania.com/en/property/4333053/shitet-apartament-1-1-ne-paskuqan-irg111067.html,https://crm-cdn.ams3.cdn.digitaloceanspaces.com/c21al/storage/c21al/2025/March/week3/450x337/1060977_belfiore2_.jpg
86620.0,"Paskuqan, Tirana",83,https://www.century21albania.com/en/property/4333053/shitet-apartament-1-1-ne-paskuqan-irg111067.html,https://crm-cdn.ams3.cdn.digitaloceanspaces.com/c21al/storage/c21al/2025/March/week3/450x337/1060973_belfiore2_.jpg
114660.0,"Paskuqan, Tirana",109,https://www.century21albania.com/en/property/4333053/shitet-apartament-1-1-ne-paskuqan-irg111067.html,https://crm-cdn.ams3.cdn.digitaloceanspaces.com/c21al/storage/c21al/2025/March/week3/450x337/1060965_belfiore22.jpg
115000.0,"Ish stacioni i fundit i Tiranës së Re, Tirana",55,https://www.century21albania.com/en/property/4333053/shitet-apartament-1-1-ne-paskuqan-irg111067.html,https://crm-cdn.ams3.cdn.digitaloceanspaces.com/c21al/storage/c21al/2025/March/week4/450x337/1061280_a65614c7-14f2-4af1-a47b-8116d77b8f2f.jpg
72660.0,"Paskuqan, Tirana",69,https://www.century21albania.com/en/property/4333053/shitet-apartament-1-1-ne-paskuqan-irg111067.html,https://crm-cdn.ams3.cdn.digitaloceanspaces.com/c21al/storage/c21al/2025/March/week3/450x337/1060955_belfiore22.jpg
75075.0,"Paskuqan, Tirana",7,https://www.century21albania.com/en/property/4333053/shitet-apartament-1-1-ne-paskuqan-irg111067.html,https://crm-cdn.ams3.cdn.digitaloceanspaces.com/c21al/storage/c21al/2025/March/week3/450x337/1060946_belfiore2_.jpg
111510.0,"Paskuqan, Tirana",106,https://www.century21albania.com/en/property/4333053/shitet-apartament-1-1-ne-paskuqan-irg111067.html,https://crm-cdn.ams3.cdn.digitaloceanspaces.com/c21al/storage/c21al/2025/March/week3/450x337/1060940_belfiore22.jpg
74655.0,"Paskuqan, Tirana",71,https://www.century21albania.com/en/property/4333053/shitet-apartament-1-1-ne-paskuqan-irg111067.html,https://crm-cdn.ams3.cdn.digitaloceanspaces.com/c21al/storage/c21al/2025/March/week3/450x337/1060896_belfiore2_.jpg
185000.0,"Ish stacioni i fundit i Tiranës së Re, Tirana",106,https://www.century21albania.com/en/property/4332636/shitet-apartament-2-1-ne-paskuqan-irg111048.html,https://crm-cdn.ams3.cdn.digitaloceanspaces.com/c21al/storage/c21al/2025/March/week3/450x337/1061020_b54233ca-0df5-40d6-9a4b-e780f2186c13.jpg
40000.0,"Rruga e Kosovarëve, Tirana",0,https://www.century21albania.com/en/property/4332636/shitet-apartament-2-1-ne-paskuqan-irg111048.html,
193770.0,"Periferia Tiranë, Tirana",19,https://www.century21albania.com/en/property/4332636/shitet-apartament-2-1-ne-paskuqan-irg111048.html,https://crm-cdn.ams3.cdn.digitaloceanspaces.com/c21al/storage/c21al/2025/March/week3/450x337/1060767_03.jpg
135000.0,"Fresku, Tirana",99,https://www.century21albania.com/en/property/4332636/shitet-apartament-2-1-ne-paskuqan-irg111048.html,https://crm-cdn.ams3.cdn.digitaloceanspaces.com/c21al/storage/c21al/2025/March/week3/450x337/1060705_e7b247e0-7f2c-4fb5-91e1-2f9a08f20447.jpg
237000.0,"Rruga Muhamet Gjollesha, Tirana",130,https://www.century21albania.com/en/property/4332636/shitet-apartament-2-1-ne-paskuqan-irg111048.html,https://crm-cdn.ams3.cdn.digitaloceanspaces.com/c21al/storage/c21al/2025/March/week3/450x337/1060718_ba511873-14fe-4877-ac64-9d7c4471923b.jpg
165000.0,"Astiri, Tirana",115,https://www.century21albania.com/en/property/4332636/shitet-apartament-2-1-ne-paskuqan-irg111048.html,https://crm-cdn.ams3.cdn.digitaloceanspaces.com/c21al/storage/c21al/2025/March/week3/450x337/1060724_WhatsApp_Image_2025-03-21_at_11.46.48.jpg
160000.0,"Farmacia 10, Tirana",69,https://www.century21albania.com/en/property/4332636/shitet-apartament-2-1-ne-paskuqan-irg111048.html,https://crm-cdn.ams3.cdn.digitaloceanspaces.com/c21al/storage/c21al/2025/March/week3/450x337/1060706_1016470_WhatsApp_Image_2025-01-14_at_12.12.28_PM_3.jpg
89000.0,"Rruga Muhamet Gjollesha, Tirana",8,https://www.century21albania.com/en/property/4332636/shitet-apartament-2-1-ne-paskuqan-irg111048.html,https://crm-cdn.ams3.cdn.digitaloceanspaces.com/c21al/storage/c21al/2025/March/week3/450x337/1060674_39e1aa94-a1bb-414b-97c1-10e7bdc926ca.jpg
186000.0,"Rruga e Elbasanit, Tirana",13,https://www.century21albania.com/en/property/4331695/shitet-super-apartament-2-1-tek-manhattan-residence-sun111028.html,https://crm-cdn.ams3.cdn.digitaloceanspaces.com/c21al/storage/c21al/2024/November/week3/450x337/992794_9DE854DC-318D-4020-954F-55D0E3B679DD.jpg
136800.0,"Laprakë, Tirana",76,https://www.century21albania.com/en/property/4331695/shitet-super-apartament-2-1-tek-manhattan-residence-sun111028.html,https://crm-cdn.ams3.cdn.digitaloceanspaces.com/c21al/storage/c21al/2025/February/week4/450x337/1042373_lion_image1.jpg
160000.0,"Kompleksi Magnet, Tirana",77,https://www.century21albania.com/en/property/4331695/shitet-super-apartament-2-1-tek-manhattan-residence-sun111028.html,https://crm-cdn.ams3.cdn.digitaloceanspaces.com/c21al/storage/c21al/2025/March/week3/450x337/1060473_WhatsApp_Image_2025-03-20_at_19.34.37_2.jpg
105000.0,"Selitë, Tirana",74,https://www.century21albania.com/en/property/4330311/shesim-apartament-2-1-ne-selite-expert110997.html,https://crm-cdn.ams3.cdn.digitaloceanspaces.com/c21al/storage/c21al/2025/March/week3/450x337/1060464_selite.jpg
122000.0,"Unaza e Re, Tirana",97,https://www.century21albania.com/en/property/4330311/shesim-apartament-2-1-ne-selite-expert110997.html,https://crm-cdn.ams3.cdn.digitaloceanspaces.com/c21al/storage/c21al/2025/March/week3/450x337/1059917_a708fc23-f84b-4e60-9e87-6d3c7ae4232a.jpg
250000.0,"Kompleksi Magnet, Tirana",78,https://www.century21albania.com/en/property/4330311/shesim-apartament-2-1-ne-selite-expert110997.html,https://crm-cdn.ams3.cdn.digitaloceanspaces.com/c21al/storage/c21al/2025/March/week3/450x337/1060084_WhatsApp_Image_2025-03-10_at_17.15.16.jpg
179205.0,"Periferia Tiranë, Tirana",119,https://www.century21albania.com/en/property/4330311/shesim-apartament-2-1-ne-selite-expert110997.html,https://crm-cdn.ams3.cdn.digitaloceanspaces.com/c21al/storage/c21al/2025/March/week3/450x337/1060223_03.jpg
315000.0,"Kopshti Botanik Zoologjik, Tirana",185,https://www.century21albania.com/en/property/4330311/shesim-apartament-2-1-ne-selite-expert110997.html,https://crm-cdn.ams3.cdn.digitaloceanspaces.com/c21al/storage/c21al/2025/March/week3/450x337/1059793_WhatsApp_Image_2025-03-20_at_10.42.57.jpg
242140.0,"Rruga Mihal Grameno, Tirana",11,https://www.century21albania.com/en/property/4330311/shesim-apartament-2-1-ne-selite-expert110997.html,https://crm-cdn.ams3.cdn.digitaloceanspaces.com/c21al/storage/c21al/2025/March/week3/450x337/1059630_WhatsApp_Image_2025-03-19_at_17.19.42.jpg
175000.0,"Globe, Tirana",110,https://www.century21albania.com/en/property/4328086/apartament-2-1-p-euml-r-shitje-n-euml-globe-tiran-euml-legacy110919.html,https://crm-cdn.ams3.cdn.digitaloceanspaces.com/c21al/storage/c21al/2025/March/week3/450x337/1059756_WhatsApp_Image_2025-03-20_at_10.31.37.jpg
106000.0,"Ali Demi, Tirana",65,https://www.century21albania.com/en/property/4328086/apartament-2-1-p-euml-r-shitje-n-euml-globe-tiran-euml-legacy110919.html,https://crm-cdn.ams3.cdn.digitaloceanspaces.com/c21al/storage/c21al/2025/March/week3/450x337/1059704_WhatsApp_Image_2025-03-20_at_1.50.37_AM_2.jpg
160000.0,"Brryli, Tirana",89,https://www.century21albania.com/en/property/4328086/apartament-2-1-p-euml-r-shitje-n-euml-globe-tiran-euml-legacy110919.html,https://crm-cdn.ams3.cdn.digitaloceanspaces.com/c21al/storage/c21al/2025/March/week3/450x337/1059699_WhatsApp_Image_2025-03-19_at_14.46.21.jpg
343500.0,"Ish Blloku, Tirana",68,https://www.century21albania.com/en/property/4328086/apartament-2-1-p-euml-r-shitje-n-euml-globe-tiran-euml-legacy110919.html,https://crm-cdn.ams3.cdn.digitaloceanspaces.com/c21al/storage/c21al/2025/March/week3/450x337/1057988_bllok_foto_2.jpg
413750.0,"Ish Blloku, Tirana",83,https://www.century21albania.com/en/property/4328086/apartament-2-1-p-euml-r-shitje-n-euml-globe-tiran-euml-legacy110919.html,https://crm-cdn.ams3.cdn.digitaloceanspaces.com/c21al/storage/c21al/2025/March/week3/450x337/1057973_bllok_foto_2.jpg
730050.0,"Ish Blloku, Tirana",146,https://www.century21albania.com/en/property/4328086/apartament-2-1-p-euml-r-shitje-n-euml-globe-tiran-euml-legacy110919.html,https://crm-cdn.ams3.cdn.digitaloceanspaces.com/c21al/storage/c21al/2025/March/week3/450x337/1058069_bllok_foto_2.jpg
556200.0,"Ish Blloku, Tirana",111,https://www.century21albania.com/en/property/4328086/apartament-2-1-p-euml-r-shitje-n-euml-globe-tiran-euml-legacy110919.html,https://crm-cdn.ams3.cdn.digitaloceanspaces.com/c21al/storage/c21al/2025/March/week3/450x337/1058086_bllok_foto_2.jpg
397100.0,"Ish Blloku, Tirana",79,https://www.century21albania.com/en/property/4328086/apartament-2-1-p-euml-r-shitje-n-euml-globe-tiran-euml-legacy110919.html,https://crm-cdn.ams3.cdn.digitaloceanspaces.com/c21al/storage/c21al/2025/March/week3/450x337/1058101_bllok_foto_2.jpg
320000.0,"Komuna e Parisit, Tirana",145,https://www.century21albania.com/en/property/4328086/apartament-2-1-p-euml-r-shitje-n-euml-globe-tiran-euml-legacy110919.html,https://crm-cdn.ams3.cdn.digitaloceanspaces.com/c21al/storage/c21al/2025/March/week3/450x337/1059674_a2368b50-99c2-48e2-999d-70f0efcf09c4.jpg
88236.0,"Ish Dogana, Tirana",68,https://www.century21albania.com/en/property/4328086/apartament-2-1-p-euml-r-shitje-n-euml-globe-tiran-euml-legacy110919.html,https://crm-cdn.ams3.cdn.digitaloceanspaces.com/c21al/storage/c21al/2025/March/week3/450x337/1059469_tirana-entry-II.jpg
128871.0,"Ish Dogana, Tirana",100,https://www.century21albania.com/en/property/4328086/apartament-2-1-p-euml-r-shitje-n-euml-globe-tiran-euml-legacy110919.html,https://crm-cdn.ams3.cdn.digitaloceanspaces.com/c21al/storage/c21al/2025/March/week3/450x337/1059464_tirana-entry-II.jpg
109650.0,"Ish Dogana, Tirana",85,https://www.century21albania.com/en/property/4328086/apartament-2-1-p-euml-r-shitje-n-euml-globe-tiran-euml-legacy110919.html,https://crm-cdn.ams3.cdn.digitaloceanspaces.com/c21al/storage/c21al/2025/March/week3/450x337/1059414_tirana-entry-II.jpg
129903.0,"Ish Dogana, Tirana",101,https://www.century21albania.com/en/property/4325963/apartament-2-1-per-shitje-tek-039-039-tirana-entry-2-039-039-imp110886.html,https://crm-cdn.ams3.cdn.digitaloceanspaces.com/c21al/storage/c21al/2025/March/week3/450x337/1059442_tirana-entry-II.jpg
90300.0,"Kamez Qender, Tirana",113,https://www.century21albania.com/en/property/4325963/apartament-2-1-per-shitje-tek-039-039-tirana-entry-2-039-039-imp110886.html,https://crm-cdn.ams3.cdn.digitaloceanspaces.com/c21al/storage/c21al/2025/March/week3/450x337/1059384_pajtoni.jpg
213000.0,"Komuna e Parisit, Tirana",70,https://www.century21albania.com/en/property/4325963/apartament-2-1-per-shitje-tek-039-039-tirana-entry-2-039-039-imp110886.html,https://crm-cdn.ams3.cdn.digitaloceanspaces.com/c21al/storage/c21al/2025/March/week3/450x337/1059295_9fbe86b8-fdca-457c-955a-95829a48aada.jpg
88000.0,"Kamez Qender, Tirana",110,https://www.century21albania.com/en/property/4325963/apartament-2-1-per-shitje-tek-039-039-tirana-entry-2-039-039-imp110886.html,https://crm-cdn.ams3.cdn.digitaloceanspaces.com/c21al/storage/c21al/2025/March/week3/450x337/1059286_pajtoni.jpg
121650.0,"Komuna e Parisit, Tirana",40,https://www.century21albania.com/en/property/4325963/apartament-2-1-per-shitje-tek-039-039-tirana-entry-2-039-039-imp110886.html,https://crm-cdn.ams3.cdn.digitaloceanspaces.com/c21al/storage/c21al/2025/March/week3/450x337/1059035_1f4cd90a-226f-4a99-9a78-084deb065e50.jpg
184500.0,"Ali Demi, Tirana",13,https://www.century21albania.com/en/property/4325963/apartament-2-1-per-shitje-tek-039-039-tirana-entry-2-039-039-imp110886.html,https://crm-cdn.ams3.cdn.digitaloceanspaces.com/c21al/storage/c21al/2025/March/week3/450x337/1059129_WhatsApp_Image_2025-03-19_at_2.04.25_PM.jpg
96800.0,"Qendra Tregtare QTU, Tirana",94,https://www.century21albania.com/en/property/4325963/apartament-2-1-per-shitje-tek-039-039-tirana-entry-2-039-039-imp110886.html,https://crm-cdn.ams3.cdn.digitaloceanspaces.com/c21al/storage/c21al/2025/March/week3/450x337/1058729_959643_WhatsApp_Image_2024-09-18_at_16.49.39.jpg
129000.0,"Qendra Tregtare QTU, Tirana",107,https://www.century21albania.com/en/property/4325963/apartament-2-1-per-shitje-tek-039-039-tirana-entry-2-039-039-imp110886.html,https://crm-cdn.ams3.cdn.digitaloceanspaces.com/c21al/storage/c21al/2025/March/week3/450x337/1058770_799563_Render-Smart-City_1-copy-min-scaled.jpg
150000.0,"Liqeni i Thatë, Tirana",57,https://www.century21albania.com/en/property/4325963/apartament-2-1-per-shitje-tek-039-039-tirana-entry-2-039-039-imp110886.html,https://crm-cdn.ams3.cdn.digitaloceanspaces.com/c21al/storage/c21al/2025/March/week3/450x337/1058390_WhatsApp_Image_2025-03-18_at_18.44.00_38cc628e.jpg
218000.0,"Astiri, Tirana",137,https://www.century21albania.com/en/property/4325963/apartament-2-1-per-shitje-tek-039-039-tirana-entry-2-039-039-imp110886.html,https://crm-cdn.ams3.cdn.digitaloceanspaces.com/c21al/storage/c21al/2025/March/week3/450x337/1058204_WhatsApp_Image_2025-03-18_at_08.35.03_1.jpg
232300.0,"Astiri, Tirana",158,https://www.century21albania.com/en/property/4325963/apartament-2-1-per-shitje-tek-039-039-tirana-entry-2-039-039-imp110886.html,https://crm-cdn.ams3.cdn.digitaloceanspaces.com/c21al/storage/c21al/2025/March/week3/450x337/1058213_WhatsApp_Image_2025-03-18_at_08.59.25.jpg
180000.0,"Kopshti Botanik Zoologjik, Tirana",14,https://www.century21albania.com/en/property/4321626/shitet-apartament-2-1-2-tek-kopshti-botanik-dream110734.html,https://crm-cdn.ams3.cdn.digitaloceanspaces.com/c21al/storage/c21al/2025/March/week3/450x337/1058135_WhatsApp_Image_2025-03-18_at_16.01.20_1.jpg
66200.0,"Paskuqan, Tirana",58,https://www.century21albania.com/en/property/4321626/shitet-apartament-2-1-2-tek-kopshti-botanik-dream110734.html,https://crm-cdn.ams3.cdn.digitaloceanspaces.com/c21al/storage/c21al/2025/March/week3/450x337/1057428_WhatsApp_Image_2025-03-17_at_19.34.26.jpg
185000.0,"Ish Parku, Tirana",93,https://www.century21albania.com/en/property/4321626/shitet-apartament-2-1-2-tek-kopshti-botanik-dream110734.html,https://crm-cdn.ams3.cdn.digitaloceanspaces.com/c21al/storage/c21al/2025/March/week3/450x337/1057697_9b1853d1-a7ae-4921-a167-672152f08249.jpg
195000.0,"Hipoteka, Tirana",106,https://www.century21albania.com/en/property/4321626/shitet-apartament-2-1-2-tek-kopshti-botanik-dream110734.html,https://crm-cdn.ams3.cdn.digitaloceanspaces.com/c21al/storage/c21al/2025/March/week3/450x337/1057342_WhatsApp_Image_2025-03-17_at_12.33.10_2.jpg
90000.0,"Selitë, Tirana",59,https://www.century21albania.com/en/property/4321626/shitet-apartament-2-1-2-tek-kopshti-botanik-dream110734.html,https://crm-cdn.ams3.cdn.digitaloceanspaces.com/c21al/storage/c21al/2025/March/week3/450x337/1057468_404F96FE-81BD-453A-ACDB-EF2A12359F83.jpg
195000.0,"21 Dhjetori, Tirana",93,https://www.century21albania.com/en/property/4321626/shitet-apartament-2-1-2-tek-kopshti-botanik-dream110734.html,https://crm-cdn.ams3.cdn.digitaloceanspaces.com/c21al/storage/c21al/2025/March/week4/450x337/1061528_2D72544C-0E62-4003-8192-54AB466E0C4F.jpg
315000.0,"Rruga Medar Shtylla, Tirana",130,https://www.century21albania.com/en/property/4321626/shitet-apartament-2-1-2-tek-kopshti-botanik-dream110734.html,https://crm-cdn.ams3.cdn.digitaloceanspaces.com/c21al/storage/c21al/2025/March/week3/450x337/1057454_per_album_koumna.jpg
262500.0,"Kopshti Botanik Zoologjik, Tirana",116,https://www.century21albania.com/en/property/4321626/shitet-apartament-2-1-2-tek-kopshti-botanik-dream110734.html,https://crm-cdn.ams3.cdn.digitaloceanspaces.com/c21al/storage/c21al/2025/March/week3/450x337/1057439_WhatsApp_Image_2025-03-17_at_21.03.31.jpg
160000.0,"Astiri, Tirana",114,https://www.century21albania.com/en/property/4321626/shitet-apartament-2-1-2-tek-kopshti-botanik-dream110734.html,https://crm-cdn.ams3.cdn.digitaloceanspaces.com/c21al/storage/c21al/2025/March/week3/450x337/1057034_WhatsApp_Image_2025-03-17_at_10.31.39.jpg
200000.0,"Astiri, Tirana",91,https://www.century21albania.com/en/property/4321626/shitet-apartament-2-1-2-tek-kopshti-botanik-dream110734.html,https://crm-cdn.ams3.cdn.digitaloceanspaces.com/c21al/storage/c21al/2025/March/week3/450x337/1057035_WhatsApp_Image_2025-03-17_at_15.42.23.jpg
155000.0,"Yzberish, Tirana",54,https://www.century21albania.com/en/property/4321626/shitet-apartament-2-1-2-tek-kopshti-botanik-dream110734.html,https://crm-cdn.ams3.cdn.digitaloceanspaces.com/c21al/storage/c21al/2025/March/week3/450x337/1057100_WhatsApp_Image_2025-03-17_at_16.23.18_1.jpg
175000.0,"Xhamlliku, Tirana",95,https://www.century21albania.com/en/property/4317973/apartament-2-1-per-shitje-ne-xhamllik-dream110655.html,https://crm-cdn.ams3.cdn.digitaloceanspaces.com/c21al/storage/c21al/2025/March/week3/450x337/1059053_1057105_Foto1_2_cleanup.jpg
198000.0,"Oxhaku, Tirana",96,https://www.century21albania.com/en/property/4317973/apartament-2-1-per-shitje-ne-xhamllik-dream110655.html,https://crm-cdn.ams3.cdn.digitaloceanspaces.com/c21al/storage/c21al/2025/March/week3/450x337/1056718_WhatsApp_Image_2025-03-17_at_13.05.14_1.jpg
99000.0,"Porcelan, Tirana",65,https://www.century21albania.com/en/property/4317973/apartament-2-1-per-shitje-ne-xhamllik-dream110655.html,https://crm-cdn.ams3.cdn.digitaloceanspaces.com/c21al/storage/c21al/2025/March/week3/450x337/1057041_OIP.jpg
135000.0,"Yzberish, Tirana",106,https://www.century21albania.com/en/property/4317973/apartament-2-1-per-shitje-ne-xhamllik-dream110655.html,https://crm-cdn.ams3.cdn.digitaloceanspaces.com/c21al/storage/c21al/2025/March/week3/450x337/1059051_WhatsApp_Image_2025-03-19_at_13.52.32_247f4980.jpg
192000.0,"Ish stacioni i fundit i Tiranës së Re, Tirana",108,https://www.century21albania.com/en/property/4237236/shesim-apartament-3-1-2-post-parkimi-tek-lion-park-residence-cpm108638.html,https://crm-cdn.ams3.cdn.digitaloceanspaces.com/c21al/storage/c21al/2025/March/week3/450x337/1056919_WhatsApp_Image_2025-03-17_at_14.03.53_0928946a.jpg
260000.0,"Rruga Medar Shtylla, Tirana",111,https://www.century21albania.com/en/property/4237236/shesim-apartament-3-1-2-post-parkimi-tek-lion-park-residence-cpm108638.html,https://crm-cdn.ams3.cdn.digitaloceanspaces.com/c21al/storage/c21al/2025/March/week3/450x337/1056800_0bebdcbc-5646-437c-a67c-831f32c4fdc3.jpg
411600.0,"Pazari I ri, Tirana",118,https://www.century21albania.com/en/property/4237236/shesim-apartament-3-1-2-post-parkimi-tek-lion-park-residence-cpm108638.html,https://crm-cdn.ams3.cdn.digitaloceanspaces.com/c21al/storage/c21al/2025/March/week3/450x337/1056672_WhatsApp_Image_2025-03-17_at_12.25.07_PM.jpg
362600.0,"Pazari I ri, Tirana",104,https://www.century21albania.com/en/property/4237236/shesim-apartament-3-1-2-post-parkimi-tek-lion-park-residence-cpm108638.html,https://crm-cdn.ams3.cdn.digitaloceanspaces.com/c21al/storage/c21al/2025/March/week3/450x337/1056695_WhatsApp_Image_2025-03-17_at_12.24.58_PM.jpg
300000.0,"Komuna e Parisit, Tirana",117,https://www.century21albania.com/en/property/4237236/shesim-apartament-3-1-2-post-parkimi-tek-lion-park-residence-cpm108638.html,https://crm-cdn.ams3.cdn.digitaloceanspaces.com/c21al/storage/c21al/2025/March/week3/450x337/1056191_WhatsApp_Image_2025-03-17_at_01.56.46.jpg
118000.0,"Astiri, Tirana",87,https://www.century21albania.com/en/property/4237236/shesim-apartament-3-1-2-post-parkimi-tek-lion-park-residence-cpm108638.html,https://crm-cdn.ams3.cdn.digitaloceanspaces.com/c21al/storage/c21al/2025/March/week3/450x337/1056229_WhatsApp_Image_2025-03-17_at_04.48.32.jpg
179000.0,"Myslym Shyri, Tirana",75,https://www.century21albania.com/en/property/4237236/shesim-apartament-3-1-2-post-parkimi-tek-lion-park-residence-cpm108638.html,https://crm-cdn.ams3.cdn.digitaloceanspaces.com/c21al/storage/c21al/2025/March/week3/450x337/1056247_1005703_WhatsApp_Image_2024-12-15_at_22.22.09.jpg
150000.0,"Bulevardi i Ri, Tirana",116,https://www.century21albania.com/en/property/4237236/shesim-apartament-3-1-2-post-parkimi-tek-lion-park-residence-cpm108638.html,https://crm-cdn.ams3.cdn.digitaloceanspaces.com/c21al/storage/c21al/2025/March/week3/450x337/1056319_WhatsApp_Image_2025-03-17_at_10.40.09_AM.jpg
210000.0,"Unaza e Re, Tirana",117,https://www.century21albania.com/en/property/4237236/shesim-apartament-3-1-2-post-parkimi-tek-lion-park-residence-cpm108638.html,https://crm-cdn.ams3.cdn.digitaloceanspaces.com/c21al/storage/c21al/2025/March/week3/450x337/1056386_918287_Foto_2.jpg
420000.0,"Rruga e Durrësit, Tirana",0,https://www.century21albania.com/en/property/4237236/shesim-apartament-3-1-2-post-parkimi-tek-lion-park-residence-cpm108638.html,https://crm-cdn.ams3.cdn.digitaloceanspaces.com/c21al/storage/c21al/2025/March/week3/450x337/1056131_WhatsApp_Image_2025-03-16_at_19.40.07_ea949af9.jpg
128600.0,"Paskuqan, Tirana",11,https://www.century21albania.com/en/property/4309090/shitje-apartament-2-1-n-euml-paskuqan-neom110448.html,https://crm-cdn.ams3.cdn.digitaloceanspaces.com/c21al/storage/c21al/2025/March/week2/450x337/1055090_WhatsApp_Image_2025-03-13_at_19.04.09.jpg
164000.0,"Ish Fusha e Aviacionit, Tirana",103,https://www.century21albania.com/en/property/4309090/shitje-apartament-2-1-n-euml-paskuqan-neom110448.html,https://crm-cdn.ams3.cdn.digitaloceanspaces.com/c21al/storage/c21al/2025/March/week3/450x337/1056081_HA.jpg
105000.0,"Yzberish, Tirana",81,https://www.century21albania.com/en/property/4309090/shitje-apartament-2-1-n-euml-paskuqan-neom110448.html,https://crm-cdn.ams3.cdn.digitaloceanspaces.com/c21al/storage/c21al/2025/March/week3/450x337/1056002_8E062C39-797F-4633-975E-B3873AD19B0C.jpg
95000.0,"Astiri, Tirana",63,https://www.century21albania.com/en/property/4309090/shitje-apartament-2-1-n-euml-paskuqan-neom110448.html,https://crm-cdn.ams3.cdn.digitaloceanspaces.com/c21al/storage/c21al/2025/March/week3/450x337/1055977_b9d7304a-5982-453d-933a-15247d77bf55.jpg
165000.0,"Yzberish, Tirana",95,https://www.century21albania.com/en/property/4309090/shitje-apartament-2-1-n-euml-paskuqan-neom110448.html,https://crm-cdn.ams3.cdn.digitaloceanspaces.com/c21al/storage/c21al/2025/March/week2/450x337/1055599_WhatsApp_Image_2025-03-14_at_4.17.00_PM_1.jpg
520990.0,"Rruga Barrikadave, Tirana",167,https://www.century21albania.com/en/property/4309090/shitje-apartament-2-1-n-euml-paskuqan-neom110448.html,https://crm-cdn.ams3.cdn.digitaloceanspaces.com/c21al/storage/c21al/2025/March/week2/450x337/1055399_20250308_124118.jpg
85000.0,"Shkozë, Tirana",66,https://www.century21albania.com/en/property/4309090/shitje-apartament-2-1-n-euml-paskuqan-neom110448.html,https://crm-cdn.ams3.cdn.digitaloceanspaces.com/c21al/storage/c21al/2025/March/week2/450x337/1055468_1.jpg
174845.0,"Globe, Tirana",103,https://www.century21albania.com/en/property/4309090/shitje-apartament-2-1-n-euml-paskuqan-neom110448.html,https://crm-cdn.ams3.cdn.digitaloceanspaces.com/c21al/storage/c21al/2025/March/week2/450x337/1052468_708C70C1-ABB8-4577-B220-0879DBCC7777.jpg
142500.0,"Spitali QSUT (Nënë Tereza), Tirana",114,https://www.century21albania.com/en/property/4309090/shitje-apartament-2-1-n-euml-paskuqan-neom110448.html,https://crm-cdn.ams3.cdn.digitaloceanspaces.com/c21al/storage/c21al/2025/March/week2/450x337/1055531_QSUT_RR_DIBRES.jpg
299000.0,"Ali Demi, Tirana",143,https://www.century21albania.com/en/property/4309337/shesim-apartament-ne-rezidencen-quot-park-houses-quot-mjull-bathore-tirane-cpm110455.html,https://crm-cdn.ams3.cdn.digitaloceanspaces.com/c21al/storage/c21al/2025/March/week2/450x337/1055077_2.jpg
198000.0,"Bulevardi i Ri, Tirana",113,https://www.century21albania.com/en/property/4309337/shesim-apartament-ne-rezidencen-quot-park-houses-quot-mjull-bathore-tirane-cpm110455.html,https://crm-cdn.ams3.cdn.digitaloceanspaces.com/c21al/storage/c21al/2025/March/week2/450x337/1055015_elbavo-1.jpg
186000.0,"Bulevardi i Ri, Tirana",106,https://www.century21albania.com/en/property/4309337/shesim-apartament-ne-rezidencen-quot-park-houses-quot-mjull-bathore-tirane-cpm110455.html,https://crm-cdn.ams3.cdn.digitaloceanspaces.com/c21al/storage/c21al/2025/March/week2/450x337/1055012_elbavo-1.jpg
149500.0,"Bulevardi i Ri, Tirana",85,https://www.century21albania.com/en/property/4309337/shesim-apartament-ne-rezidencen-quot-park-houses-quot-mjull-bathore-tirane-cpm110455.html,https://crm-cdn.ams3.cdn.digitaloceanspaces.com/c21al/storage/c21al/2025/March/week2/450x337/1055006_elbavo-5.jpg
220000.0,"Komuna e Parisit, Tirana",90,https://www.century21albania.com/en/property/4309337/shesim-apartament-ne-rezidencen-quot-park-houses-quot-mjull-bathore-tirane-cpm110455.html,https://crm-cdn.ams3.cdn.digitaloceanspaces.com/c21al/storage/c21al/2025/March/week2/450x337/1054993_foto2.jpg
125000.0,"Unaza e Re, Tirana",7,https://www.century21albania.com/en/property/4309337/shesim-apartament-ne-rezidencen-quot-park-houses-quot-mjull-bathore-tirane-cpm110455.html,https://crm-cdn.ams3.cdn.digitaloceanspaces.com/c21al/storage/c21al/2025/March/week2/450x337/1054999_WhatsApp_Image_2025-03-13_at_1.10.38_PM_3.jpg
160000.0,"Tirana e Re, Tirana",63,https://www.century21albania.com/en/property/4309337/shesim-apartament-ne-rezidencen-quot-park-houses-quot-mjull-bathore-tirane-cpm110455.html,https://crm-cdn.ams3.cdn.digitaloceanspaces.com/c21al/storage/c21al/2025/March/week2/450x337/1054970_NH.jpg
100000.0,"Fresku, Tirana",18,https://www.century21albania.com/en/property/4309337/shesim-apartament-ne-rezidencen-quot-park-houses-quot-mjull-bathore-tirane-cpm110455.html,https://crm-cdn.ams3.cdn.digitaloceanspaces.com/c21al/storage/c21al/2025/March/week2/450x337/1054955_1027420_b55224e9-8b41-4546-a9d3-e64b9dbf1c9f.jpg
115000.0,"Paskuqan, Tirana",94,https://www.century21albania.com/en/property/4309337/shesim-apartament-ne-rezidencen-quot-park-houses-quot-mjull-bathore-tirane-cpm110455.html,https://crm-cdn.ams3.cdn.digitaloceanspaces.com/c21al/storage/c21al/2025/March/week2/450x337/1054903_shitet-apartament-11-paskuqan-sanel-residence.jpg
497004.0,"Farkë, Tirana",4,https://www.century21albania.com/en/property/4308653/duplex-modern-n-euml-rezidenc-euml-n-piccadilly-pran-euml-teg-p-euml-r-shitje-partners110434.html,https://crm-cdn.ams3.cdn.digitaloceanspaces.com/c21al/storage/c21al/2025/March/week2/450x337/1054827_1054614_b7717434-7ac9-4932-ba48-e4eb9f7522ce.jpg
135000.0,"Selitë, Tirana",79,https://www.century21albania.com/en/property/4308653/duplex-modern-n-euml-rezidenc-euml-n-piccadilly-pran-euml-teg-p-euml-r-shitje-partners110434.html,https://crm-cdn.ams3.cdn.digitaloceanspaces.com/c21al/storage/c21al/2025/March/week2/450x337/1054832_planimetria.jpg
75000.0,"Rruga 5 Maji, Tirana",75,https://www.century21albania.com/en/property/4308653/duplex-modern-n-euml-rezidenc-euml-n-piccadilly-pran-euml-teg-p-euml-r-shitje-partners110434.html,https://crm-cdn.ams3.cdn.digitaloceanspaces.com/c21al/storage/c21al/2025/March/week2/450x337/1054626_WhatsApp_Image_2025-03-12_at_1.35.02_PM_1.jpg
485260.0,"Farkë, Tirana",96,https://www.century21albania.com/en/property/4308653/duplex-modern-n-euml-rezidenc-euml-n-piccadilly-pran-euml-teg-p-euml-r-shitje-partners110434.html,https://crm-cdn.ams3.cdn.digitaloceanspaces.com/c21al/storage/c21al/2025/March/week2/450x337/1054614_b7717434-7ac9-4932-ba48-e4eb9f7522ce.jpg
232000.0,"Rruga Siri Kodra, Tirana",10,https://www.century21albania.com/en/property/4308653/duplex-modern-n-euml-rezidenc-euml-n-piccadilly-pran-euml-teg-p-euml-r-shitje-partners110434.html,https://crm-cdn.ams3.cdn.digitaloceanspaces.com/c21al/storage/c21al/2025/March/week2/450x337/1054575_1.jpg
160000.0,"Laprakë, Tirana",80,https://www.century21albania.com/en/property/4308653/duplex-modern-n-euml-rezidenc-euml-n-piccadilly-pran-euml-teg-p-euml-r-shitje-partners110434.html,https://crm-cdn.ams3.cdn.digitaloceanspaces.com/c21al/storage/c21al/2025/March/week2/450x337/1054603_LION_2.jpg
365000.0,"Qendra Tregtare TEG, Tirana",145,https://www.century21albania.com/en/property/4308653/duplex-modern-n-euml-rezidenc-euml-n-piccadilly-pran-euml-teg-p-euml-r-shitje-partners110434.html,https://crm-cdn.ams3.cdn.digitaloceanspaces.com/c21al/storage/c21al/2025/March/week2/450x337/1054452_WhatsApp_Image_2025-03-13_at_10.46.15.jpg
185000.0,"Laprakë, Tirana",115,https://www.century21albania.com/en/property/4308653/duplex-modern-n-euml-rezidenc-euml-n-piccadilly-pran-euml-teg-p-euml-r-shitje-partners110434.html,https://crm-cdn.ams3.cdn.digitaloceanspaces.com/c21al/storage/c21al/2025/March/week2/450x337/1054382_plan_Kleo.jpg
165000.0,"Rruga Mine Peza, Tirana",75,https://www.century21albania.com/en/property/4305984/mine-peza-residence-shesim-apartament-1-1-everest110381.html,https://crm-cdn.ams3.cdn.digitaloceanspaces.com/c21al/storage/c21al/2025/March/week2/450x337/1054244_minepeza.jpg
250000.0,"Xhamlliku, Tirana",111,https://www.century21albania.com/en/property/4305984/mine-peza-residence-shesim-apartament-1-1-everest110381.html,https://crm-cdn.ams3.cdn.digitaloceanspaces.com/c21al/storage/c21al/2025/March/week2/450x337/1054219_WhatsApp_Image_2025-03-12_at_14.39.50_2.jpg
280000.0,"Liqeni i Thatë, Tirana",15,https://www.century21albania.com/en/property/4305984/mine-peza-residence-shesim-apartament-1-1-everest110381.html,https://crm-cdn.ams3.cdn.digitaloceanspaces.com/c21al/storage/c21al/2025/March/week2/450x337/1054184_images_1.jpg
140000.0,"Vasil Shanto, Tirana",69,https://www.century21albania.com/en/property/4305984/mine-peza-residence-shesim-apartament-1-1-everest110381.html,https://crm-cdn.ams3.cdn.digitaloceanspaces.com/c21al/storage/c21al/2025/March/week2/450x337/1054192_880212_WhatsApp_Image_2024-04-22_at_10.50.12_1.jpg
184000.0,"Laprakë, Tirana",115,https://www.century21albania.com/en/property/4305984/mine-peza-residence-shesim-apartament-1-1-everest110381.html,https://crm-cdn.ams3.cdn.digitaloceanspaces.com/c21al/storage/c21al/2025/March/week2/450x337/1054150_plan_elisabeta.jpg
161766.0,"Globe, Tirana",85,https://www.century21albania.com/en/property/4305984/mine-peza-residence-shesim-apartament-1-1-everest110381.html,https://crm-cdn.ams3.cdn.digitaloceanspaces.com/c21al/storage/c21al/2025/March/week2/450x337/1054139_RIVERSIDE_2.jpg
94000.0,"Paskuqan, Tirana",99,https://www.century21albania.com/en/property/4305984/mine-peza-residence-shesim-apartament-1-1-everest110381.html,https://crm-cdn.ams3.cdn.digitaloceanspaces.com/c21al/storage/c21al/2025/March/week2/450x337/1054091_WhatsApp_Image_2025-03-12_at_14.05.54.jpg
144738.0,"Globe, Tirana",85,https://www.century21albania.com/en/property/4305984/mine-peza-residence-shesim-apartament-1-1-everest110381.html,https://crm-cdn.ams3.cdn.digitaloceanspaces.com/c21al/storage/c21al/2025/March/week2/450x337/1054112_RIVERSIDE_1.jpg
119000.0,"Astiri, Tirana",7,https://www.century21albania.com/en/property/4305984/mine-peza-residence-shesim-apartament-1-1-everest110381.html,https://crm-cdn.ams3.cdn.digitaloceanspaces.com/c21al/storage/c21al/2025/March/week2/450x337/1055595_WhatsApp_Image_2025-03-14_at_5.47.33_PM.jpg
275000.0,"Kompleksi Dinamo, Tirana",114,https://www.century21albania.com/en/property/4305984/mine-peza-residence-shesim-apartament-1-1-everest110381.html,https://crm-cdn.ams3.cdn.digitaloceanspaces.com/c21al/storage/c21al/2025/March/week2/450x337/1053723_WhatsApp_Image_2025-03-12_at_10.49.48_AM.jpg
408000.0,"Astiri, Tirana",313,https://www.century21albania.com/en/property/4305984/mine-peza-residence-shesim-apartament-1-1-everest110381.html,https://crm-cdn.ams3.cdn.digitaloceanspaces.com/c21al/storage/c21al/2025/March/week2/450x337/1052583_efcec85d-0bab-4f3e-bb67-f9eb6dde800b.jpg
160500.0,"Rruga Bardhyl, Tirana",70,https://www.century21albania.com/en/property/4302638/shesim-apartament-1-1-tek-ministria-e-jashtme-sol-residence-bot110314.html,https://crm-cdn.ams3.cdn.digitaloceanspaces.com/c21al/storage/c21al/2025/March/week3/450x337/1058311_IMG_2749.jpg
68000.0,"Qendra Tregtare QTU, Tirana",73,https://www.century21albania.com/en/property/4302638/shesim-apartament-1-1-tek-ministria-e-jashtme-sol-residence-bot110314.html,https://crm-cdn.ams3.cdn.digitaloceanspaces.com/c21al/storage/c21al/2025/March/week2/450x337/1053749_977233_Render-Smart-City_1-copy-min-scaled.jpg
75000.0,"Profarma, Tirana",51,https://www.century21albania.com/en/property/4302638/shesim-apartament-1-1-tek-ministria-e-jashtme-sol-residence-bot110314.html,https://crm-cdn.ams3.cdn.digitaloceanspaces.com/c21al/storage/c21al/2025/March/week3/450x337/1060604_foto_1_6.jpg
129870.0,"Paskuqan, Tirana",100,https://www.century21albania.com/en/property/4302638/shesim-apartament-1-1-tek-ministria-e-jashtme-sol-residence-bot110314.html,https://crm-cdn.ams3.cdn.digitaloceanspaces.com/c21al/storage/c21al/2025/March/week2/450x337/1052209_platinium_2.jpg
155000.0,"Fresku, Tirana",101,https://www.century21albania.com/en/property/4302638/shesim-apartament-1-1-tek-ministria-e-jashtme-sol-residence-bot110314.html,https://crm-cdn.ams3.cdn.digitaloceanspaces.com/c21al/storage/c21al/2025/March/week2/450x337/1051645_WhatsApp_Image_2025-03-10_at_11.50.30_97bdd7ab.jpg
89000.0,"Kamez Qender, Tirana",93,https://www.century21albania.com/en/property/4302638/shesim-apartament-1-1-tek-ministria-e-jashtme-sol-residence-bot110314.html,https://crm-cdn.ams3.cdn.digitaloceanspaces.com/c21al/storage/c21al/2025/March/week2/450x337/1053062_KAMZA_FOTO2.jpg
205162.0,"Globe, Tirana",108,https://www.century21albania.com/en/property/4302638/shesim-apartament-1-1-tek-ministria-e-jashtme-sol-residence-bot110314.html,https://crm-cdn.ams3.cdn.digitaloceanspaces.com/c21al/storage/c21al/2025/March/week2/450x337/1053420_planimetri.jpg
176035.0,"Globe, Tirana",93,https://www.century21albania.com/en/property/4302638/shesim-apartament-1-1-tek-ministria-e-jashtme-sol-residence-bot110314.html,https://crm-cdn.ams3.cdn.digitaloceanspaces.com/c21al/storage/c21al/2025/March/week2/450x337/1054174_RIVERSIDE_10.jpg
183566.0,"Globe, Tirana",108,https://www.century21albania.com/en/property/4302638/shesim-apartament-1-1-tek-ministria-e-jashtme-sol-residence-bot110314.html,https://crm-cdn.ams3.cdn.digitaloceanspaces.com/c21al/storage/c21al/2025/March/week2/450x337/1054152_RIVERSIDE_7.jpg
195415.0,"Globe, Tirana",103,https://www.century21albania.com/en/property/4301905/shesim-apartament-2-1-2-te-riverside-residence-neom110288.html,https://crm-cdn.ams3.cdn.digitaloceanspaces.com/c21al/storage/c21al/2025/March/week2/450x337/1054149_RIVERSIDE_5.jpg
215000.0,"Bulevardi i Ri, Tirana",13,https://www.century21albania.com/en/property/4301905/shesim-apartament-2-1-2-te-riverside-residence-neom110288.html,https://crm-cdn.ams3.cdn.digitaloceanspaces.com/c21al/storage/c21al/2025/March/week2/450x337/1053090_1.jpg
98000.0,"Bulevardi i Ri, Tirana",56,https://www.century21albania.com/en/property/4301905/shesim-apartament-2-1-2-te-riverside-residence-neom110288.html,https://crm-cdn.ams3.cdn.digitaloceanspaces.com/c21al/storage/c21al/2025/March/week2/450x337/1053074_1.jpg
190000.0,"Rruga e Kavajës, Tirana",77,https://www.century21albania.com/en/property/4301905/shesim-apartament-2-1-2-te-riverside-residence-neom110288.html,https://crm-cdn.ams3.cdn.digitaloceanspaces.com/c21al/storage/c21al/2025/March/week2/450x337/1053030_964.jpg
77000.0,"Xhamlliku, Tirana",47,https://www.century21albania.com/en/property/4301905/shesim-apartament-2-1-2-te-riverside-residence-neom110288.html,https://crm-cdn.ams3.cdn.digitaloceanspaces.com/c21al/storage/c21al/2025/March/week2/450x337/1052891_WhatsApp_Image_2025-03-11_at_12.28.25_PM_2.jpg
166000.0,"Casa Italia, Tirana",118,https://www.century21albania.com/en/property/4300428/apartament-2-1-2-post-parkimi-n-euml-shitje-n-euml-rezidenc-euml-n-ldquo-akses-tirana-rdquo-1-irg110235.html,https://crm-cdn.ams3.cdn.digitaloceanspaces.com/c21al/storage/c21al/2025/March/week2/450x337/1053019_e24738bd-5a70-451b-bc97-0c3e61ec6320.jpg
160000.0,"Kodra e Diellit Residence, Tirana",93,https://www.century21albania.com/en/property/4300428/apartament-2-1-2-post-parkimi-n-euml-shitje-n-euml-rezidenc-euml-n-ldquo-akses-tirana-rdquo-1-irg110235.html,https://crm-cdn.ams3.cdn.digitaloceanspaces.com/c21al/storage/c21al/2025/March/week2/450x337/1052925_WhatsApp_Image_2023-07-11_at_17.36.16.jpg
355000.0,"Kodra e Diellit Residence, Tirana",148,https://www.century21albania.com/en/property/4300428/apartament-2-1-2-post-parkimi-n-euml-shitje-n-euml-rezidenc-euml-n-ldquo-akses-tirana-rdquo-1-irg110235.html,https://crm-cdn.ams3.cdn.digitaloceanspaces.com/c21al/storage/c21al/2025/March/week1/450x337/1048117_1000781171.jpg
338825.0,"Pazari I ri, Tirana",136,https://www.century21albania.com/en/property/4300428/apartament-2-1-2-post-parkimi-n-euml-shitje-n-euml-rezidenc-euml-n-ldquo-akses-tirana-rdquo-1-irg110235.html,https://crm-cdn.ams3.cdn.digitaloceanspaces.com/c21al/storage/c21al/2025/March/week2/450x337/1052323_1741643108644.jpg
240000.0,"Kopshti Botanik Zoologjik, Tirana",95,https://www.century21albania.com/en/property/4300428/apartament-2-1-2-post-parkimi-n-euml-shitje-n-euml-rezidenc-euml-n-ldquo-akses-tirana-rdquo-1-irg110235.html,https://crm-cdn.ams3.cdn.digitaloceanspaces.com/c21al/storage/c21al/2025/March/week2/450x337/1052680_WhatsApp_Image_2025-03-10_at_22.34.10.jpg
641000.0,"Liqeni i Tiranës, Tirana",3,https://www.century21albania.com/en/property/4300428/apartament-2-1-2-post-parkimi-n-euml-shitje-n-euml-rezidenc-euml-n-ldquo-akses-tirana-rdquo-1-irg110235.html,https://crm-cdn.ams3.cdn.digitaloceanspaces.com/c21al/storage/c21al/2025/March/week2/450x337/1052759_1006346_93ca0d83-ff91-4f78-871e-a4ec78e69254.jpg
478000.0,"Pazari I ri, Tirana",145,https://www.century21albania.com/en/property/4300428/apartament-2-1-2-post-parkimi-n-euml-shitje-n-euml-rezidenc-euml-n-ldquo-akses-tirana-rdquo-1-irg110235.html,https://crm-cdn.ams3.cdn.digitaloceanspaces.com/c21al/storage/c21al/2025/March/week2/450x337/1052498_WhatsApp_Image_2025-03-11_at_10.46.01_1.jpg
152450.0,"Porcelan, Tirana",10,https://www.century21albania.com/en/property/4300428/apartament-2-1-2-post-parkimi-n-euml-shitje-n-euml-rezidenc-euml-n-ldquo-akses-tirana-rdquo-1-irg110235.html,https://crm-cdn.ams3.cdn.digitaloceanspaces.com/c21al/storage/c21al/2025/March/week2/450x337/1052430_102.jpg
62000.0,"Paskuqan, Tirana",65,https://www.century21albania.com/en/property/4300428/apartament-2-1-2-post-parkimi-n-euml-shitje-n-euml-rezidenc-euml-n-ldquo-akses-tirana-rdquo-1-irg110235.html,https://crm-cdn.ams3.cdn.digitaloceanspaces.com/c21al/storage/c21al/2025/March/week2/450x337/1052401_WhatsApp_Image_2025-03-11_at_10.32.33.jpg
120000.0,"Ali Demi, Tirana",85,https://www.century21albania.com/en/property/4300428/apartament-2-1-2-post-parkimi-n-euml-shitje-n-euml-rezidenc-euml-n-ldquo-akses-tirana-rdquo-1-irg110235.html,https://crm-cdn.ams3.cdn.digitaloceanspaces.com/c21al/storage/c21al/2025/March/week2/450x337/1052286_8e987146-79f3-450a-867b-9a4908b73c26.jpg
158000.0,"Ish Parku, Tirana",83,https://www.century21albania.com/en/property/4298602/apartament-2-1-ne-shitje-ish-parku-tirane-prestige110180.html,https://crm-cdn.ams3.cdn.digitaloceanspaces.com/c21al/storage/c21al/2025/March/week2/450x337/1052357_WhatsApp_Image_2025-03-11_at_09.20.15.jpg
130185.0,"Sauk i Vjetër, Tirana",68,https://www.century21albania.com/en/property/4298602/apartament-2-1-ne-shitje-ish-parku-tirane-prestige110180.html,https://crm-cdn.ams3.cdn.digitaloceanspaces.com/c21al/storage/c21al/2025/March/week2/450x337/1052227_WhatsApp_Image_2025-02-26_at_14.01.48.jpg
420000.0,"Stadiumi Qemal Stafa, Tirana",111,https://www.century21albania.com/en/property/4298602/apartament-2-1-ne-shitje-ish-parku-tirane-prestige110180.html,https://crm-cdn.ams3.cdn.digitaloceanspaces.com/c21al/storage/c21al/2025/March/week2/450x337/1052115_33fbaa09-cf04-436a-9bb5-732e014a3caa.jpg
110700.0,"Laprakë, Tirana",74,https://www.century21albania.com/en/property/4298602/apartament-2-1-ne-shitje-ish-parku-tirane-prestige110180.html,https://crm-cdn.ams3.cdn.digitaloceanspaces.com/c21al/storage/c21al/2025/March/week4/450x337/1061931_WhatsApp_Image_2025-03-24_at_13.05.44.jpg
320000.0,"Rruga Mine Peza, Tirana",15,https://www.century21albania.com/en/property/4298602/apartament-2-1-ne-shitje-ish-parku-tirane-prestige110180.html,https://crm-cdn.ams3.cdn.digitaloceanspaces.com/c21al/storage/c21al/2025/March/week2/450x337/1051701_ea8998b0-5246-4e00-932d-674350b60dd2.jpg
148000.0,"Globe, Tirana",75,https://www.century21albania.com/en/property/4298602/apartament-2-1-ne-shitje-ish-parku-tirane-prestige110180.html,https://crm-cdn.ams3.cdn.digitaloceanspaces.com/c21al/storage/c21al/2025/March/week2/450x337/1054261_B70B9D49-7404-4081-922A-2A3A22C5CE15.jpg
230000.0,"Liqeni i Thatë, Tirana",93,https://www.century21albania.com/en/property/4298602/apartament-2-1-ne-shitje-ish-parku-tirane-prestige110180.html,https://crm-cdn.ams3.cdn.digitaloceanspaces.com/c21al/storage/c21al/2025/March/week3/450x337/1056046_0672ba26-dee2-45d3-bf56-ca04ddb7170e.jpg
115000.0,"Don Bosco, Tirana",7,https://www.century21albania.com/en/property/4298602/apartament-2-1-ne-shitje-ish-parku-tirane-prestige110180.html,https://crm-cdn.ams3.cdn.digitaloceanspaces.com/c21al/storage/c21al/2025/March/week2/450x337/1051667_970156_j1_-_Copy.jpg
150260.0,"Porcelan, Tirana",100,https://www.century21albania.com/en/property/4298602/apartament-2-1-ne-shitje-ish-parku-tirane-prestige110180.html,https://crm-cdn.ams3.cdn.digitaloceanspaces.com/c21al/storage/c21al/2025/March/week2/450x337/1052403_0.jpg
157450.0,"Porcelan, Tirana",105,https://www.century21albania.com/en/property/4280075/shitet-apartament-2-1-2-n-euml-rezidenc-euml-n-porcelan-3-speed109722.html,https://crm-cdn.ams3.cdn.digitaloceanspaces.com/c21al/storage/c21al/2025/March/week2/450x337/1052431_4444.jpg
150000.0,"Porcelan, Tirana",100,https://www.century21albania.com/en/property/4280075/shitet-apartament-2-1-2-n-euml-rezidenc-euml-n-porcelan-3-speed109722.html,https://crm-cdn.ams3.cdn.digitaloceanspaces.com/c21al/storage/c21al/2025/March/week2/450x337/1052444_999.jpg
149700.0,"Porcelan, Tirana",100,https://www.century21albania.com/en/property/4280075/shitet-apartament-2-1-2-n-euml-rezidenc-euml-n-porcelan-3-speed109722.html,https://crm-cdn.ams3.cdn.digitaloceanspaces.com/c21al/storage/c21al/2025/March/week2/450x337/1052445_77.jpg
138500.0,"Porcelan, Tirana",9,https://www.century21albania.com/en/property/4280075/shitet-apartament-2-1-2-n-euml-rezidenc-euml-n-porcelan-3-speed109722.html,https://crm-cdn.ams3.cdn.digitaloceanspaces.com/c21al/storage/c21al/2025/March/week2/450x337/1052448_22.jpg
136300.0,"Porcelan, Tirana",91,https://www.century21albania.com/en/property/4280075/shitet-apartament-2-1-2-n-euml-rezidenc-euml-n-porcelan-3-speed109722.html,https://crm-cdn.ams3.cdn.digitaloceanspaces.com/c21al/storage/c21al/2025/March/week2/450x337/1052456_111111111111111111111.jpg
162900.0,"Porcelan, Tirana",109,https://www.century21albania.com/en/property/4280075/shitet-apartament-2-1-2-n-euml-rezidenc-euml-n-porcelan-3-speed109722.html,https://crm-cdn.ams3.cdn.digitaloceanspaces.com/c21al/storage/c21al/2025/March/week2/450x337/1052460_3333333.jpg
164300.0,"Porcelan, Tirana",110,https://www.century21albania.com/en/property/4280075/shitet-apartament-2-1-2-n-euml-rezidenc-euml-n-porcelan-3-speed109722.html,https://crm-cdn.ams3.cdn.digitaloceanspaces.com/c21al/storage/c21al/2025/March/week2/450x337/1052461_2222.jpg
151300.0,"Porcelan, Tirana",101,https://www.century21albania.com/en/property/4280075/shitet-apartament-2-1-2-n-euml-rezidenc-euml-n-porcelan-3-speed109722.html,https://crm-cdn.ams3.cdn.digitaloceanspaces.com/c21al/storage/c21al/2025/March/week2/450x337/1052466_66666.jpg
154700.0,"Porcelan, Tirana",103,https://www.century21albania.com/en/property/4280075/shitet-apartament-2-1-2-n-euml-rezidenc-euml-n-porcelan-3-speed109722.html,https://crm-cdn.ams3.cdn.digitaloceanspaces.com/c21al/storage/c21al/2025/March/week2/450x337/1052484_22.jpg
79900.0,"Porcelan, Tirana",53,https://www.century21albania.com/en/property/4280075/shitet-apartament-2-1-2-n-euml-rezidenc-euml-n-porcelan-3-speed109722.html,https://crm-cdn.ams3.cdn.digitaloceanspaces.com/c21al/storage/c21al/2025/March/week2/450x337/1052428_555.jpg
149150.0,"Porcelan, Tirana",99,https://www.century21albania.com/en/property/4280075/shitet-apartament-2-1-2-n-euml-rezidenc-euml-n-porcelan-3-speed109722.html,https://crm-cdn.ams3.cdn.digitaloceanspaces.com/c21al/storage/c21al/2025/March/week2/450x337/1052486_3.jpg
158480.0,"Porcelan, Tirana",106,https://www.century21albania.com/en/property/4280075/shitet-apartament-2-1-2-n-euml-rezidenc-euml-n-porcelan-3-speed109722.html,https://crm-cdn.ams3.cdn.digitaloceanspaces.com/c21al/storage/c21al/2025/March/week2/450x337/1052489_tull.jpg
158500.0,"Porcelan, Tirana",106,https://www.century21albania.com/en/property/4292435/ekskluzive-shesim-apartament-3-1-2-me-pamje-nga-liqeni-i-thate-tek-gradient-residence-bot110045.html,https://crm-cdn.ams3.cdn.digitaloceanspaces.com/c21al/storage/c21al/2025/March/week2/450x337/1052492_boom.jpg
171000.0,"Laprakë, Tirana",107,https://www.century21albania.com/en/property/4292435/ekskluzive-shesim-apartament-3-1-2-me-pamje-nga-liqeni-i-thate-tek-gradient-residence-bot110045.html,https://crm-cdn.ams3.cdn.digitaloceanspaces.com/c21al/storage/c21al/2025/March/week1/450x337/1046317_planimetri_web.jpg
225802.0,"Mjull - Bathore, Tirana",76,https://www.century21albania.com/en/property/4292915/ekskluzive-shesim-apartament-2-1-2-me-pamje-nga-liqeni-i-tiranes-tek-gradient-residence-bot110060.html,https://crm-cdn.ams3.cdn.digitaloceanspaces.com/c21al/storage/c21al/2025/March/week2/450x337/1050729_MA-STUDIO-Bolv-Oil-21.jpg
445328.0,"Mjull - Bathore, Tirana",14,https://www.century21albania.com/en/property/4292915/ekskluzive-shesim-apartament-2-1-2-me-pamje-nga-liqeni-i-tiranes-tek-gradient-residence-bot110060.html,https://crm-cdn.ams3.cdn.digitaloceanspaces.com/c21al/storage/c21al/2025/March/week1/450x337/1050672_MA-STUDIO-Bolv-Oil-16.jpg
118700.0,"Ish Fusha e Aviacionit, Tirana",79,https://www.century21albania.com/en/property/4292915/ekskluzive-shesim-apartament-2-1-2-me-pamje-nga-liqeni-i-tiranes-tek-gradient-residence-bot110060.html,https://crm-cdn.ams3.cdn.digitaloceanspaces.com/c21al/storage/c21al/2025/March/week2/450x337/1050997_WhatsApp_Image_2025-03-08_at_04.31.11_b72327c1.jpg
98000.0,"Yzberish, Tirana",71,https://www.century21albania.com/en/property/4292915/ekskluzive-shesim-apartament-2-1-2-me-pamje-nga-liqeni-i-tiranes-tek-gradient-residence-bot110060.html,https://crm-cdn.ams3.cdn.digitaloceanspaces.com/c21al/storage/c21al/2025/March/week2/450x337/1051793_b732ec95-9a6f-4d13-a644-e75f71a86bee.jpg
147200.0,"Ali Demi, Tirana",9,https://www.century21albania.com/en/property/4292915/ekskluzive-shesim-apartament-2-1-2-me-pamje-nga-liqeni-i-tiranes-tek-gradient-residence-bot110060.html,https://crm-cdn.ams3.cdn.digitaloceanspaces.com/c21al/storage/c21al/2025/March/week2/450x337/1050841_WhatsApp_Image_2025-03-08_at_10.51.37.jpg
149000.0,"Ali Demi, Tirana",93,https://www.century21albania.com/en/property/4292915/ekskluzive-shesim-apartament-2-1-2-me-pamje-nga-liqeni-i-tiranes-tek-gradient-residence-bot110060.html,https://crm-cdn.ams3.cdn.digitaloceanspaces.com/c21al/storage/c21al/2025/March/week2/450x337/1050809_WhatsApp_Image_2025-03-08_at_10.51.26.jpg
147400.0,"Ali Demi, Tirana",9,https://www.century21albania.com/en/property/4292061/shesim-apartament-2-1-te-rruga-ali-demi-partners110035.html,https://crm-cdn.ams3.cdn.digitaloceanspaces.com/c21al/storage/c21al/2025/March/week2/450x337/1050794_WhatsApp_Image_2025-03-08_at_10.51.20.jpg
137600.0,"Ali Demi, Tirana",86,https://www.century21albania.com/en/property/4292061/shesim-apartament-2-1-te-rruga-ali-demi-partners110035.html,https://crm-cdn.ams3.cdn.digitaloceanspaces.com/c21al/storage/c21al/2025/March/week2/450x337/1050750_WhatsApp_Image_2025-03-08_at_10.51.12.jpg
280000.0,"Kodra e Diellit, Tirana",135,https://www.century21albania.com/en/property/4292061/shesim-apartament-2-1-te-rruga-ali-demi-partners110035.html,https://crm-cdn.ams3.cdn.digitaloceanspaces.com/c21al/storage/c21al/2025/March/week1/450x337/1050465_komuna_31_a.6.jpg
140000.0,"Bulevardi i Ri, Tirana",76,https://www.century21albania.com/en/property/4292061/shesim-apartament-2-1-te-rruga-ali-demi-partners110035.html,https://crm-cdn.ams3.cdn.digitaloceanspaces.com/c21al/storage/c21al/2025/March/week1/450x337/1050436_926851_photo_2024-07-17_13-19-09.jpg
136000.0,"Bulevardi i Ri, Tirana",73,https://www.century21albania.com/en/property/4292061/shesim-apartament-2-1-te-rruga-ali-demi-partners110035.html,https://crm-cdn.ams3.cdn.digitaloceanspaces.com/c21al/storage/c21al/2025/March/week2/450x337/1051142_8E1271F4-9DFF-49BB-B94F-6798B7320710.jpg
244000.0,"Porcelan, Tirana",1,https://www.century21albania.com/en/property/4292061/shesim-apartament-2-1-te-rruga-ali-demi-partners110035.html,https://crm-cdn.ams3.cdn.digitaloceanspaces.com/c21al/storage/c21al/2025/March/week1/450x337/1050368_WhatsApp_Image_2025-03-07_at_3.09.57_PM.jpg
159600.0,"Liqeni i Thatë, Tirana",69,https://www.century21albania.com/en/property/4292061/shesim-apartament-2-1-te-rruga-ali-demi-partners110035.html,https://crm-cdn.ams3.cdn.digitaloceanspaces.com/c21al/storage/c21al/2025/February/week3/450x337/1037411_L_e2606c4c-6bca-4a94-99ee-0342c957d5e9.jpg
140000.0,"Ish Fusha e Aviacionit, Tirana",94,https://www.century21albania.com/en/property/4292061/shesim-apartament-2-1-te-rruga-ali-demi-partners110035.html,https://crm-cdn.ams3.cdn.digitaloceanspaces.com/c21al/storage/c21al/2025/March/week1/450x337/1050192_pallati.jpg
180000.0,"Ish Fusha e Aviacionit, Tirana",109,https://www.century21albania.com/en/property/4292061/shesim-apartament-2-1-te-rruga-ali-demi-partners110035.html,https://crm-cdn.ams3.cdn.digitaloceanspaces.com/c21al/storage/c21al/2025/March/week1/450x337/1050009_foto.jpg
220000.0,"Vasil Shanto, Tirana",11,https://www.century21albania.com/en/property/4292061/shesim-apartament-2-1-te-rruga-ali-demi-partners110035.html,https://crm-cdn.ams3.cdn.digitaloceanspaces.com/c21al/storage/c21al/2025/March/week1/450x337/1049700_WhatsApp_Image_2025-03-06_at_21.23.16_4.jpg
92000.0,"Ali Demi, Tirana",65,https://www.century21albania.com/en/property/4292061/shesim-apartament-2-1-te-rruga-ali-demi-partners110035.html,https://crm-cdn.ams3.cdn.digitaloceanspaces.com/c21al/storage/c21al/2025/March/week1/450x337/1047357_renis_j.jpg
117285.0,"Ali Demi, Tirana",78,https://www.century21albania.com/en/property/4289329/ali-demi-shesim-apartament-1-1-everest109967.html,https://crm-cdn.ams3.cdn.digitaloceanspaces.com/c21al/storage/c21al/2025/March/week1/450x337/1049927_fc6be79e-4420-423d-99d6-9bd37f4b77ad.jpg
100755.0,"Ali Demi, Tirana",67,https://www.century21albania.com/en/property/4289329/ali-demi-shesim-apartament-1-1-everest109967.html,https://crm-cdn.ams3.cdn.digitaloceanspaces.com/c21al/storage/c21al/2025/March/week1/450x337/1049983_fc6be79e-4420-423d-99d6-9bd37f4b77ad.jpg
116250.0,"Ali Demi, Tirana",78,https://www.century21albania.com/en/property/4289329/ali-demi-shesim-apartament-1-1-everest109967.html,https://crm-cdn.ams3.cdn.digitaloceanspaces.com/c21al/storage/c21al/2025/March/week1/450x337/1049986_999022cf-cc52-45fd-9b03-2dc50eaee66e.jpg
141000.0,"Rruga e Dibrës, Tirana",90,https://www.century21albania.com/en/property/4289329/ali-demi-shesim-apartament-1-1-everest109967.html,https://crm-cdn.ams3.cdn.digitaloceanspaces.com/c21al/storage/c21al/2025/March/week2/450x337/1052923_WhatsApp_Image_2025-03-11_at_10.54.38_AM.jpg
366000.0,"Farkë e Madhe, Tirana",156,https://www.century21albania.com/en/property/4289329/ali-demi-shesim-apartament-1-1-everest109967.html,https://crm-cdn.ams3.cdn.digitaloceanspaces.com/c21al/storage/c21al/2025/March/week1/450x337/1049610_Image78.jpg
390000.0,"Farkë e Madhe, Tirana",166,https://www.century21albania.com/en/property/4289329/ali-demi-shesim-apartament-1-1-everest109967.html,https://crm-cdn.ams3.cdn.digitaloceanspaces.com/c21al/storage/c21al/2025/March/week1/450x337/1049542_Image72.jpg
343000.0,"Farkë e Madhe, Tirana",146,https://www.century21albania.com/en/property/4289329/ali-demi-shesim-apartament-1-1-everest109967.html,https://crm-cdn.ams3.cdn.digitaloceanspaces.com/c21al/storage/c21al/2025/March/week1/450x337/1049473_Image73.jpg
497000.0,"Farkë e Madhe, Tirana",6,https://www.century21albania.com/en/property/4289329/ali-demi-shesim-apartament-1-1-everest109967.html,https://crm-cdn.ams3.cdn.digitaloceanspaces.com/c21al/storage/c21al/2025/March/week1/450x337/1049404_Image75.jpg
550000.0,"Farkë e Madhe, Tirana",50,https://www.century21albania.com/en/property/4289329/ali-demi-shesim-apartament-1-1-everest109967.html,https://crm-cdn.ams3.cdn.digitaloceanspaces.com/c21al/storage/c21al/2025/March/week1/450x337/1049362_Image75.jpg
139000.0,"Ali Demi, Tirana",89,https://www.century21albania.com/en/property/4289329/ali-demi-shesim-apartament-1-1-everest109967.html,https://crm-cdn.ams3.cdn.digitaloceanspaces.com/c21al/storage/c21al/2025/March/week1/450x337/1049382_970809_WhatsApp_Image_2024-10-09_at_05.32.55.jpg
315000.0,"Farkë e Madhe, Tirana",143,https://www.century21albania.com/en/property/4286706/ekskluzive-duplex-2-poste-parkimi-ne-shitje-tek-quot-krea-residence-quot-buze-liqenit-te-farkes-dream109896.html,https://crm-cdn.ams3.cdn.digitaloceanspaces.com/c21al/storage/c21al/2025/March/week1/450x337/1049282_Image78.jpg
104000.0,"Astiri, Tirana",77,https://www.century21albania.com/en/property/4286706/ekskluzive-duplex-2-poste-parkimi-ne-shitje-tek-quot-krea-residence-quot-buze-liqenit-te-farkes-dream109896.html,https://crm-cdn.ams3.cdn.digitaloceanspaces.com/c21al/storage/c21al/2025/March/week1/450x337/1049243_1.jpg
389000.0,"Farkë e Madhe, Tirana",177,https://www.century21albania.com/en/property/4286706/ekskluzive-duplex-2-poste-parkimi-ne-shitje-tek-quot-krea-residence-quot-buze-liqenit-te-farkes-dream109896.html,https://crm-cdn.ams3.cdn.digitaloceanspaces.com/c21al/storage/c21al/2025/March/week1/450x337/1049221_Image72.jpg
552000.0,"Farkë e Madhe, Tirana",387,https://www.century21albania.com/en/property/4286706/ekskluzive-duplex-2-poste-parkimi-ne-shitje-tek-quot-krea-residence-quot-buze-liqenit-te-farkes-dream109896.html,https://crm-cdn.ams3.cdn.digitaloceanspaces.com/c21al/storage/c21al/2025/March/week1/450x337/1049023_foto_vilat_3.jpg
552000.0,"Farkë e Madhe, Tirana",47,https://www.century21albania.com/en/property/4286706/ekskluzive-duplex-2-poste-parkimi-ne-shitje-tek-quot-krea-residence-quot-buze-liqenit-te-farkes-dream109896.html,https://crm-cdn.ams3.cdn.digitaloceanspaces.com/c21al/storage/c21al/2025/March/week1/450x337/1048998_foto_vilat_6.jpg
552000.0,"Farkë e Madhe, Tirana",34,https://www.century21albania.com/en/property/4286706/ekskluzive-duplex-2-poste-parkimi-ne-shitje-tek-quot-krea-residence-quot-buze-liqenit-te-farkes-dream109896.html,https://crm-cdn.ams3.cdn.digitaloceanspaces.com/c21al/storage/c21al/2025/March/week1/450x337/1048949_foto_vilat_3.jpg
552000.0,"Farkë e Madhe, Tirana",319,https://www.century21albania.com/en/property/4286706/ekskluzive-duplex-2-poste-parkimi-ne-shitje-tek-quot-krea-residence-quot-buze-liqenit-te-farkes-dream109896.html,https://crm-cdn.ams3.cdn.digitaloceanspaces.com/c21al/storage/c21al/2025/March/week1/450x337/1048929_foto_vilat_6.jpg
267500.0,"Rruga e Durrësit, Tirana",107,https://www.century21albania.com/en/property/4286706/ekskluzive-duplex-2-poste-parkimi-ne-shitje-tek-quot-krea-residence-quot-buze-liqenit-te-farkes-dream109896.html,https://crm-cdn.ams3.cdn.digitaloceanspaces.com/c21al/storage/c21al/2025/March/week1/450x337/1046429_3333.jpg
128000.0,"Tregu Elektrik, Tirana",70,https://www.century21albania.com/en/property/4286706/ekskluzive-duplex-2-poste-parkimi-ne-shitje-tek-quot-krea-residence-quot-buze-liqenit-te-farkes-dream109896.html,https://crm-cdn.ams3.cdn.digitaloceanspaces.com/c21al/storage/c21al/2025/March/week1/450x337/1048902_WhatsApp_Image_2025-03-06_at_10.53.29.jpg
552000.0,"Farkë e Madhe, Tirana",66,https://www.century21albania.com/en/property/4286706/ekskluzive-duplex-2-poste-parkimi-ne-shitje-tek-quot-krea-residence-quot-buze-liqenit-te-farkes-dream109896.html,https://crm-cdn.ams3.cdn.digitaloceanspaces.com/c21al/storage/c21al/2025/March/week1/450x337/1048883_foto_vilat.jpg
215000.0,"Komuna e Parisit, Tirana",85,https://www.century21albania.com/en/property/4286706/ekskluzive-duplex-2-poste-parkimi-ne-shitje-tek-quot-krea-residence-quot-buze-liqenit-te-farkes-dream109896.html,https://crm-cdn.ams3.cdn.digitaloceanspaces.com/c21al/storage/c21al/2025/March/week1/450x337/1048696_288086654_690678338688992_5505641617219639804_n.jpg
255000.0,"Qyteti Studenti, Tirana",18,https://www.century21albania.com/en/property/4286706/ekskluzive-duplex-2-poste-parkimi-ne-shitje-tek-quot-krea-residence-quot-buze-liqenit-te-farkes-dream109896.html,https://crm-cdn.ams3.cdn.digitaloceanspaces.com/c21al/storage/c21al/2025/March/week2/450x337/1052387_0D03CF65-F58B-4E62-B064-354B35C6AB48.jpg
